"","Id","Code","Name","Class","Standard Concept Caption","Valid Start Date","Valid End Date","RC","DRC","PC","DPC","Domain","Vocabulary","Ancestors"
"","21038102","OMOP294742","1 ML Lithium Carbonate 40 MG/ML Oral Suspension","Quant Clinical Drug","Standard","08/23/2017","12/30/2099","0","0","0","0","Drug","RxNorm Extension","$parents[1].showAncestorsModal(d.CONCEPT_ID), tooltip: 'lithium carbonate'"">1"
"","36235666","1169708","Eskalith-CR Oral Product","Branded Dose Group","Classification","07/31/2016","12/30/2099","0","0","0","0","Drug","RxNorm","$parents[1].showAncestorsModal(d.CONCEPT_ID), tooltip: 'lithium carbonate'"">1"
"","36235667","1169709","Eskalith-CR Pill","Branded Dose Group","Classification","07/31/2016","12/30/2099","0","0","0","0","Drug","RxNorm","$parents[1].showAncestorsModal(d.CONCEPT_ID), tooltip: 'lithium carbonate'"">1"
"","36235664","1169706","Eskalith Oral Product","Branded Dose Group","Classification","07/31/2016","12/30/2099","0","0","0","0","Drug","RxNorm","$parents[1].showAncestorsModal(d.CONCEPT_ID), tooltip: 'lithium carbonate'"">1"
"","36235665","1169707","Eskalith Pill","Branded Dose Group","Classification","07/31/2016","12/30/2099","0","0","0","0","Drug","RxNorm","$parents[1].showAncestorsModal(d.CONCEPT_ID), tooltip: 'lithium carbonate'"">1"
"","36227907","1178576","Lithane Oral Product","Branded Dose Group","Classification","07/31/2016","12/30/2099","0","0","0","0","Drug","RxNorm","$parents[1].showAncestorsModal(d.CONCEPT_ID), tooltip: 'lithium carbonate'"">1"
"","36227908","1178577","Lithane Pill","Branded Dose Group","Classification","07/31/2016","12/30/2099","0","0","0","0","Drug","RxNorm","$parents[1].showAncestorsModal(d.CONCEPT_ID), tooltip: 'lithium carbonate'"">1"
"","751246","42351","lithium carbonate","Ingredient","Standard","12/31/1969","12/30/2099","60,420","375,369","20,193","51,074","Drug","RxNorm","$parents[1].showAncestorsModal(d.CONCEPT_ID), tooltip: ''"">0"
"","35138716","OMOP4799062","Lithium Carbonate 100 MG","Clinical Drug Comp","Standard","03/10/2019","12/30/2099","0","0","0","0","Drug","RxNorm Extension","$parents[1].showAncestorsModal(d.CONCEPT_ID), tooltip: 'lithium carbonate'"">1"
"","35132818","OMOP4790039","Lithium Carbonate 100 MG [LIMAS]","Branded Drug Comp","Standard","03/10/2019","12/30/2099","0","0","0","0","Drug","RxNorm Extension","$parents[1].showAncestorsModal(d.CONCEPT_ID), tooltip: 'lithium carbonate'"">1"
"","35133704","OMOP4790910","Lithium Carbonate 100 MG Oral Tablet","Clinical Drug","Standard","03/10/2019","12/30/2099","0","0","0","0","Drug","RxNorm Extension","$parents[1].showAncestorsModal(d.CONCEPT_ID), tooltip: 'lithium carbonate'"">1"
"","35160616","OMOP4817593","Lithium Carbonate 100 MG Oral Tablet by Fujinaga Seiyaku","Marketed Product","Standard","03/10/2019","12/30/2099","0","0","0","0","Drug","RxNorm Extension","$parents[1].showAncestorsModal(d.CONCEPT_ID), tooltip: 'lithium carbonate'"">1"
"","35154293","OMOP4811320","Lithium Carbonate 100 MG Oral Tablet by Kyowa","Marketed Product","Standard","03/10/2019","12/30/2099","0","0","0","0","Drug","RxNorm Extension","$parents[1].showAncestorsModal(d.CONCEPT_ID), tooltip: 'lithium carbonate'"">1"
"","35151892","OMOP4808934","Lithium Carbonate 100 MG Oral Tablet by Yoshitomi Zensei","Marketed Product","Standard","03/10/2019","12/30/2099","0","0","0","0","Drug","RxNorm Extension","$parents[1].showAncestorsModal(d.CONCEPT_ID), tooltip: 'lithium carbonate'"">1"
"","35151310","OMOP4808358","Lithium Carbonate 100 MG Oral Tablet [LIMAS]","Branded Drug","Standard","03/10/2019","12/30/2099","0","0","0","0","Drug","RxNorm Extension","$parents[1].showAncestorsModal(d.CONCEPT_ID), tooltip: 'lithium carbonate'"">1"
"","19101073","385262","lithium carbonate 104 MG/ML","Clinical Drug Comp","Standard","12/31/1969","12/30/2099","0","0","0","0","Drug","RxNorm","$parents[1].showAncestorsModal(d.CONCEPT_ID), tooltip: 'lithium carbonate'"">1"
"","19000962","102547","lithium carbonate 104 MG/ML Oral Solution","Clinical Drug","Standard","12/31/1969","12/30/2099","0","0","0","0","Drug","RxNorm","$parents[1].showAncestorsModal(d.CONCEPT_ID), tooltip: 'lithium carbonate'"">1"
"","751364","332118","lithium carbonate 150 MG","Clinical Drug Comp","Standard","12/31/1969","12/30/2099","0","39,751","0","4,550","Drug","RxNorm","$parents[1].showAncestorsModal(d.CONCEPT_ID), tooltip: 'lithium carbonate'"">1"
"","44105991","OMOP1100622","Lithium Carbonate 150 MG [Apo-Lithium Carbonate]","Branded Drug Comp","Standard","08/23/2017","12/30/2099","0","0","0","0","Drug","RxNorm Extension","$parents[1].showAncestorsModal(d.CONCEPT_ID), tooltip: 'lithium carbonate'"">1"
"","44041323","OMOP1035954","Lithium Carbonate 150 MG [Carbolith]","Branded Drug Comp","Standard","08/23/2017","12/30/2099","0","0","0","0","Drug","RxNorm Extension","$parents[1].showAncestorsModal(d.CONCEPT_ID), tooltip: 'lithium carbonate'"">1"
"","44080071","OMOP1074702","Lithium Carbonate 150 MG [Euro Lithium]","Branded Drug Comp","Standard","08/23/2017","12/30/2099","0","0","0","0","Drug","RxNorm Extension","$parents[1].showAncestorsModal(d.CONCEPT_ID), tooltip: 'lithium carbonate'"">1"
"","19103182","406706","lithium carbonate 150 MG Extended Release Oral Tablet","Clinical Drug","Standard","12/31/1969","12/30/2099","0","0","0","0","Drug","RxNorm","$parents[1].showAncestorsModal(d.CONCEPT_ID), tooltip: 'lithium carbonate'"">1"
"","44118990","OMOP1113621","Lithium Carbonate 150 MG [Lithane]","Branded Drug Comp","Standard","08/23/2017","12/30/2099","0","0","0","0","Drug","RxNorm Extension","$parents[1].showAncestorsModal(d.CONCEPT_ID), tooltip: 'lithium carbonate'"">1"
"","44028338","OMOP1022969","Lithium Carbonate 150 MG [Lithizine]","Branded Drug Comp","Standard","08/23/2017","12/30/2099","0","0","0","0","Drug","RxNorm Extension","$parents[1].showAncestorsModal(d.CONCEPT_ID), tooltip: 'lithium carbonate'"">1"
"","42966506","OMOP4692965","Lithium Carbonate 150 MG [MYUNGIN LITHIUM CARBONATE]","Branded Drug Comp","Standard","08/20/2018","12/30/2099","0","0","0","0","Drug","RxNorm Extension","$parents[1].showAncestorsModal(d.CONCEPT_ID), tooltip: 'lithium carbonate'"">1"
"","751362","311355","lithium carbonate 150 MG Oral Capsule","Clinical Drug","Standard","12/31/1969","12/30/2099","39,751","39,751","4,550","4,550","Drug","RxNorm","$parents[1].showAncestorsModal(d.CONCEPT_ID), tooltip: 'lithium carbonate'"">1"
"","44034333","OMOP1028964","Lithium Carbonate 150 MG Oral Capsule [Apo-Lithium Carbonate]","Branded Drug","Standard","08/23/2017","12/30/2099","0","0","0","0","Drug","RxNorm Extension","$parents[1].showAncestorsModal(d.CONCEPT_ID), tooltip: 'lithium carbonate'"">1"
"","44075900","OMOP1070531","Lithium Carbonate 150 MG Oral Capsule [Apo-Lithium Carbonate] by Apotex","Marketed Product","Standard","08/23/2017","12/30/2099","0","0","0","0","Drug","RxNorm Extension","$parents[1].showAncestorsModal(d.CONCEPT_ID), tooltip: 'lithium carbonate'"">1"
"","44125045","OMOP1119676","Lithium Carbonate 150 MG Oral Capsule [Carbolith]","Branded Drug","Standard","08/23/2017","12/30/2099","0","0","0","0","Drug","RxNorm Extension","$parents[1].showAncestorsModal(d.CONCEPT_ID), tooltip: 'lithium carbonate'"">1"
"","44088762","OMOP1083393","Lithium Carbonate 150 MG Oral Capsule [Carbolith] by Valeant","Marketed Product","Standard","08/23/2017","12/30/2099","0","0","0","0","Drug","RxNorm Extension","$parents[1].showAncestorsModal(d.CONCEPT_ID), tooltip: 'lithium carbonate'"">1"
"","44073196","OMOP1067827","Lithium Carbonate 150 MG Oral Capsule [Euro Lithium]","Branded Drug","Standard","08/23/2017","12/30/2099","0","0","0","0","Drug","RxNorm Extension","$parents[1].showAncestorsModal(d.CONCEPT_ID), tooltip: 'lithium carbonate'"">1"
"","44127766","OMOP1122397","Lithium Carbonate 150 MG Oral Capsule [Euro Lithium] by Euro-Pharm","Marketed Product","Standard","08/23/2017","12/30/2099","0","0","0","0","Drug","RxNorm Extension","$parents[1].showAncestorsModal(d.CONCEPT_ID), tooltip: 'lithium carbonate'"">1"
"","44111835","OMOP1106466","Lithium Carbonate 150 MG Oral Capsule [Lithane]","Branded Drug","Standard","08/23/2017","12/30/2099","0","0","0","0","Drug","RxNorm Extension","$parents[1].showAncestorsModal(d.CONCEPT_ID), tooltip: 'lithium carbonate'"">1"
"","44101788","OMOP1096419","Lithium Carbonate 150 MG Oral Capsule [Lithane] by Erfa 2012","Marketed Product","Standard","08/23/2017","12/30/2099","0","0","0","0","Drug","RxNorm Extension","$parents[1].showAncestorsModal(d.CONCEPT_ID), tooltip: 'lithium carbonate'"">1"
"","44073195","OMOP1067826","Lithium Carbonate 150 MG Oral Capsule [Lithizine]","Branded Drug","Standard","08/23/2017","12/30/2099","0","0","0","0","Drug","RxNorm Extension","$parents[1].showAncestorsModal(d.CONCEPT_ID), tooltip: 'lithium carbonate'"">1"
"","44075899","OMOP1070530","Lithium Carbonate 150 MG Oral Capsule [Lithizine] by Maney Paul","Marketed Product","Standard","08/23/2017","12/30/2099","0","0","0","0","Drug","RxNorm Extension","$parents[1].showAncestorsModal(d.CONCEPT_ID), tooltip: 'lithium carbonate'"">1"
"","44034332","OMOP1028963","Lithium Carbonate 150 MG Oral Capsule [Pal-Lithium Carbonate]","Branded Drug","Standard","08/23/2017","12/30/2099","0","0","0","0","Drug","RxNorm Extension","$parents[1].showAncestorsModal(d.CONCEPT_ID), tooltip: 'lithium carbonate'"">1"
"","44101787","OMOP1096418","Lithium Carbonate 150 MG Oral Capsule [Pal-Lithium Carbonate] by Paladin","Marketed Product","Standard","08/23/2017","12/30/2099","0","0","0","0","Drug","RxNorm Extension","$parents[1].showAncestorsModal(d.CONCEPT_ID), tooltip: 'lithium carbonate'"">1"
"","44111834","OMOP1106465","Lithium Carbonate 150 MG Oral Capsule [Phl-Lithium Carbonate]","Branded Drug","Standard","08/23/2017","12/30/2099","0","0","0","0","Drug","RxNorm Extension","$parents[1].showAncestorsModal(d.CONCEPT_ID), tooltip: 'lithium carbonate'"">1"
"","44075898","OMOP1070529","Lithium Carbonate 150 MG Oral Capsule [Phl-Lithium Carbonate] by Pharmel","Marketed Product","Standard","08/23/2017","12/30/2099","0","0","0","0","Drug","RxNorm Extension","$parents[1].showAncestorsModal(d.CONCEPT_ID), tooltip: 'lithium carbonate'"">1"
"","44060409","OMOP1055040","Lithium Carbonate 150 MG Oral Capsule [Pms-Lithium Carbonate]","Branded Drug","Standard","08/23/2017","12/30/2099","0","0","0","0","Drug","RxNorm Extension","$parents[1].showAncestorsModal(d.CONCEPT_ID), tooltip: 'lithium carbonate'"">1"
"","44037043","OMOP1031674","Lithium Carbonate 150 MG Oral Capsule [Pms-Lithium Carbonate] by Pharmascience","Marketed Product","Standard","08/23/2017","12/30/2099","0","0","0","0","Drug","RxNorm Extension","$parents[1].showAncestorsModal(d.CONCEPT_ID), tooltip: 'lithium carbonate'"">1"
"","19107688","432937","lithium carbonate 150 MG Oral Tablet","Clinical Drug","Standard","12/31/1969","12/30/2099","0","0","0","0","Drug","RxNorm","$parents[1].showAncestorsModal(d.CONCEPT_ID), tooltip: 'lithium carbonate'"">1"
"","42966505","OMOP4692964","Lithium Carbonate 150 MG Oral Tablet [MYUNGIN LITHIUM CARBONATE]","Branded Drug","Standard","08/20/2018","12/30/2099","0","0","0","0","Drug","RxNorm Extension","$parents[1].showAncestorsModal(d.CONCEPT_ID), tooltip: 'lithium carbonate'"">1"
"","44054398","OMOP1049029","Lithium Carbonate 150 MG [Pal-Lithium Carbonate]","Branded Drug Comp","Standard","08/23/2017","12/30/2099","0","0","0","0","Drug","RxNorm Extension","$parents[1].showAncestorsModal(d.CONCEPT_ID), tooltip: 'lithium carbonate'"">1"
"","44028337","OMOP1022968","Lithium Carbonate 150 MG [Phl-Lithium Carbonate]","Branded Drug Comp","Standard","08/23/2017","12/30/2099","0","0","0","0","Drug","RxNorm Extension","$parents[1].showAncestorsModal(d.CONCEPT_ID), tooltip: 'lithium carbonate'"">1"
"","44118989","OMOP1113620","Lithium Carbonate 150 MG [Pms-Lithium Carbonate]","Branded Drug Comp","Standard","08/23/2017","12/30/2099","0","0","0","0","Drug","RxNorm Extension","$parents[1].showAncestorsModal(d.CONCEPT_ID), tooltip: 'lithium carbonate'"">1"
"","751370","335156","lithium carbonate 200 MG","Clinical Drug Comp","Standard","12/31/1969","12/30/2099","0","0","0","0","Drug","RxNorm","$parents[1].showAncestorsModal(d.CONCEPT_ID), tooltip: 'lithium carbonate'"">1"
"","19061260","248306","lithium carbonate 200 MG Extended Release Oral Tablet","Clinical Drug","Standard","12/31/1969","12/30/2099","0","0","0","0","Drug","RxNorm","$parents[1].showAncestorsModal(d.CONCEPT_ID), tooltip: 'lithium carbonate'"">1"
"","21053658","OMOP384133","Lithium Carbonate 200 MG Extended Release Oral Tablet Box of 100","Clinical Drug Box","Standard","08/23/2017","12/30/2099","0","0","0","0","Drug","RxNorm Extension","$parents[1].showAncestorsModal(d.CONCEPT_ID), tooltip: 'lithium carbonate'"">1"
"","40747696","OMOP4709608","Lithium Carbonate 200 MG Extended Release Oral Tablet [Priadel]","Branded Drug","Standard","06/03/2018","12/30/2099","0","0","0","0","Drug","RxNorm Extension",""
"","21043851","OMOP384134","Lithium Carbonate 200 MG Extended Release Oral Tablet [Priadel]","Branded Drug","Standard","08/23/2017","12/30/2099","0","0","0","0","Drug","RxNorm Extension",""
"","21142002","OMOP384136","Lithium Carbonate 200 MG Extended Release Oral Tablet [Priadel] Box of 100","Branded Drug Box","Standard","08/23/2017","12/30/2099","0","0","0","0","Drug","RxNorm Extension",""
"","40747694","OMOP4709610","Lithium Carbonate 200 MG Extended Release Oral Tablet [Priadel] Box of 100","Branded Drug Box","Standard","06/03/2018","12/30/2099","0","0","0","0","Drug","RxNorm Extension",""
"","36812808","OMOP4826841","Lithium Carbonate 200 MG Extended Release Oral Tablet [Priadel] Box of 100 by Essential","Marketed Product","Standard","01/27/2019","12/30/2099","0","0","0","0","Drug","RxNorm Extension",""
"","21151813","OMOP384138","Lithium Carbonate 200 MG Extended Release Oral Tablet [Priadel] Box of 100 by Sanofi","Marketed Product","Standard","08/23/2017","12/30/2099","0","0","0","0","Drug","RxNorm Extension",""
"","40747693","OMOP4709611","Lithium Carbonate 200 MG Extended Release Oral Tablet [Priadel] Box of 100 by Sanofi","Marketed Product","Standard","06/03/2018","12/30/2099","0","0","0","0","Drug","RxNorm Extension",""
"","36813581","OMOP4827615","Lithium Carbonate 200 MG Extended Release Oral Tablet [Priadel] by Essential","Marketed Product","Standard","01/27/2019","12/30/2099","0","0","0","0","Drug","RxNorm Extension",""
"","21073401","OMOP384135","Lithium Carbonate 200 MG Extended Release Oral Tablet [Priadel] by Sanofi","Marketed Product","Standard","08/23/2017","12/30/2099","0","0","0","0","Drug","RxNorm Extension",""
"","40747695","OMOP4709609","Lithium Carbonate 200 MG Extended Release Oral Tablet [Priadel] by Sanofi","Marketed Product","Standard","06/03/2018","12/30/2099","0","0","0","0","Drug","RxNorm Extension",""
"","35138139","OMOP4795305","Lithium Carbonate 200 MG [LIMAS]","Branded Drug Comp","Standard","03/10/2019","12/30/2099","0","0","0","0","Drug","RxNorm Extension",""
"","35830979","OMOP5037750","lithium carbonate 200 MG Oral Tablet","Clinical Drug","Standard","01/20/2021","12/30/2099","0","0","0","0","Drug","RxNorm Extension",""
"","35159725","OMOP4816708","Lithium Carbonate 200 MG Oral Tablet [LIMAS]","Branded Drug","Standard","03/10/2019","12/30/2099","0","0","0","0","Drug","RxNorm Extension",""
"","21151812","OMOP384132","Lithium Carbonate 200 MG [Priadel]","Branded Drug Comp","Standard","08/23/2017","12/30/2099","0","0","0","0","Drug","RxNorm Extension",""
"","40747697","OMOP4709607","Lithium Carbonate 200 MG [Priadel]","Branded Drug Comp","Standard","06/03/2018","12/30/2099","0","0","0","0","Drug","RxNorm Extension",""
"","19088232","332120","lithium carbonate 250 MG","Clinical Drug Comp","Standard","12/31/1969","12/30/2099","0","0","0","0","Drug","RxNorm",""
"","21161730","OMOP384139","Lithium Carbonate 250 MG [Camcolit]","Branded Drug Comp","Standard","08/23/2017","12/30/2099","0","0","0","0","Drug","RxNorm Extension",""
"","43256308","OMOP536993","Lithium Carbonate 250 MG [Lithicarb]","Branded Drug Comp","Standard","08/23/2017","12/30/2099","0","0","0","0","Drug","RxNorm Extension",""
"","2915818","OMOP5132635","lithium carbonate 250 MG [Lithspen]","Branded Drug Comp","Standard","06/29/2021","12/30/2099","0","0","0","0","Drug","RxNorm Extension",""
"","36256987","OMOP3107862","Lithium Carbonate 250 MG [Maniprex]","Branded Drug Comp","Standard","09/30/2017","12/30/2099","0","0","0","0","Drug","RxNorm Extension",""
"","751282","199324","lithium carbonate 250 MG Oral Tablet","Clinical Drug","Standard","12/31/1969","12/30/2099","0","0","0","0","Drug","RxNorm",""
"","21073403","OMOP384143","Lithium Carbonate 250 MG Oral Tablet Box of 100","Clinical Drug Box","Standard","08/23/2017","12/30/2099","0","0","0","0","Drug","RxNorm Extension",""
"","43278084","OMOP536995","Lithium Carbonate 250 MG Oral Tablet Box of 1000","Clinical Drug Box","Standard","08/23/2017","12/30/2099","0","0","0","0","Drug","RxNorm Extension",""
"","21112598","OMOP384147","Lithium Carbonate 250 MG Oral Tablet Box of 100 by A A H","Marketed Product","Standard","08/23/2017","12/30/2099","0","0","0","0","Drug","RxNorm Extension",""
"","21073404","OMOP384144","Lithium Carbonate 250 MG Oral Tablet Box of 100 by Alliance","Marketed Product","Standard","08/23/2017","12/30/2099","0","0","0","0","Drug","RxNorm Extension",""
"","21092873","OMOP384145","Lithium Carbonate 250 MG Oral Tablet Box of 100 by Essential","Marketed Product","Standard","08/23/2017","12/30/2099","0","0","0","0","Drug","RxNorm Extension",""
"","43272601","OMOP536994","Lithium Carbonate 250 MG Oral Tablet Box of 200","Clinical Drug Box","Standard","08/23/2017","12/30/2099","0","0","0","0","Drug","RxNorm Extension",""
"","21171495","OMOP384142","Lithium Carbonate 250 MG Oral Tablet by A A H","Marketed Product","Standard","08/23/2017","12/30/2099","0","0","0","0","Drug","RxNorm Extension",""
"","21073402","OMOP384140","Lithium Carbonate 250 MG Oral Tablet by Alliance","Marketed Product","Standard","08/23/2017","12/30/2099","0","0","0","0","Drug","RxNorm Extension",""
"","21122233","OMOP384141","Lithium Carbonate 250 MG Oral Tablet by Essential","Marketed Product","Standard","08/23/2017","12/30/2099","0","0","0","0","Drug","RxNorm Extension",""
"","21102773","OMOP384148","Lithium Carbonate 250 MG Oral Tablet [Camcolit]","Branded Drug","Standard","08/23/2017","12/30/2099","0","0","0","0","Drug","RxNorm Extension",""
"","21102775","OMOP384151","Lithium Carbonate 250 MG Oral Tablet [Camcolit] Box of 100","Branded Drug Box","Standard","08/23/2017","12/30/2099","0","0","0","0","Drug","RxNorm Extension",""
"","21161731","OMOP384153","Lithium Carbonate 250 MG Oral Tablet [Camcolit] Box of 100 by Essential","Marketed Product","Standard","08/23/2017","12/30/2099","0","0","0","0","Drug","RxNorm Extension",""
"","21122234","OMOP384152","Lithium Carbonate 250 MG Oral Tablet [Camcolit] Box of 100 by Waymade","Marketed Product","Standard","08/23/2017","12/30/2099","0","0","0","0","Drug","RxNorm Extension",""
"","21033950","OMOP384150","Lithium Carbonate 250 MG Oral Tablet [Camcolit] by Essential","Marketed Product","Standard","08/23/2017","12/30/2099","0","0","0","0","Drug","RxNorm Extension",""
"","21102774","OMOP384149","Lithium Carbonate 250 MG Oral Tablet [Camcolit] by Waymade","Marketed Product","Standard","08/23/2017","12/30/2099","0","0","0","0","Drug","RxNorm Extension",""
"","43288884","OMOP536996","Lithium Carbonate 250 MG Oral Tablet [Lithicarb]","Branded Drug","Standard","08/23/2017","12/30/2099","0","0","0","0","Drug","RxNorm Extension",""
"","43278085","OMOP536998","Lithium Carbonate 250 MG Oral Tablet [Lithicarb] Box of 100","Branded Drug Box","Standard","08/23/2017","12/30/2099","0","0","0","0","Drug","RxNorm Extension",""
"","43256310","OMOP536999","Lithium Carbonate 250 MG Oral Tablet [Lithicarb] Box of 1000","Branded Drug Box","Standard","08/23/2017","12/30/2099","0","0","0","0","Drug","RxNorm Extension",""
"","43256309","OMOP536997","Lithium Carbonate 250 MG Oral Tablet [Lithicarb] Box of 200","Branded Drug Box","Standard","08/23/2017","12/30/2099","0","0","0","0","Drug","RxNorm Extension",""
"","2915817","OMOP5132634","lithium carbonate 250 MG Oral Tablet [Lithspen]","Branded Drug","Standard","06/29/2021","12/30/2099","0","0","0","0","Drug","RxNorm Extension",""
"","2915816","OMOP5132633","lithium carbonate 250 MG Oral Tablet [Lithspen] Box of 100","Branded Drug Box","Standard","06/29/2021","12/30/2099","0","0","0","0","Drug","RxNorm Extension",""
"","2915814","OMOP5132631","lithium carbonate 250 MG Oral Tablet [Lithspen] Box of 1000","Branded Drug Box","Standard","06/29/2021","12/30/2099","0","0","0","0","Drug","RxNorm Extension",""
"","2915815","OMOP5132632","lithium carbonate 250 MG Oral Tablet [Lithspen] Box of 200","Branded Drug Box","Standard","06/29/2021","12/30/2099","0","0","0","0","Drug","RxNorm Extension",""
"","36273022","OMOP3123897","Lithium Carbonate 250 MG Oral Tablet [Maniprex]","Branded Drug","Standard","09/30/2017","12/30/2099","0","0","0","0","Drug","RxNorm Extension",""
"","36275615","OMOP3126490","Lithium Carbonate 250 MG Oral Tablet [Maniprex] Box of 100","Branded Drug Box","Standard","09/30/2017","12/30/2099","0","0","0","0","Drug","RxNorm Extension",""
"","36263460","OMOP3114335","Lithium Carbonate 250 MG Oral Tablet [Maniprex] Box of 100 by Kela","Marketed Product","Standard","09/30/2017","12/30/2099","0","0","0","0","Drug","RxNorm Extension",""
"","19110551","440973","lithium carbonate 295 MG","Clinical Drug Comp","Standard","12/31/1969","12/30/2099","0","0","0","0","Drug","RxNorm",""
"","19107689","432938","lithium carbonate 295 MG Oral Tablet","Clinical Drug","Standard","12/31/1969","12/30/2099","0","0","0","0","Drug","RxNorm",""
"","751368","332535","lithium carbonate 300 MG","Clinical Drug Comp","Standard","12/31/1969","12/30/2099","0","213,369","0","21,092","Drug","RxNorm",""
"","44118991","OMOP1113622","Lithium Carbonate 300 MG [Apo-Lithium Carbonate]","Branded Drug Comp","Standard","08/23/2017","12/30/2099","0","0","0","0","Drug","RxNorm Extension",""
"","44093043","OMOP1087674","Lithium Carbonate 300 MG [Carbolith]","Branded Drug Comp","Standard","08/23/2017","12/30/2099","0","0","0","0","Drug","RxNorm Extension",""
"","44080073","OMOP1074704","Lithium Carbonate 300 MG [Duralith]","Branded Drug Comp","Standard","08/23/2017","12/30/2099","0","0","0","0","Drug","RxNorm Extension",""
"","19118197","567590","lithium carbonate 300 MG [Eskalith]","Branded Drug Comp","Standard","09/10/2005","12/30/2099","0","0","0","0","Drug","RxNorm",""
"","44054400","OMOP1049031","Lithium Carbonate 300 MG [Euro Lithium]","Branded Drug Comp","Standard","08/23/2017","12/30/2099","0","0","0","0","Drug","RxNorm Extension",""
"","751249","197891","lithium carbonate 300 MG Extended Release Oral Tablet","Clinical Drug","Standard","12/31/1969","12/30/2099","46,075","48,187","4,781","5,190","Drug","RxNorm",""
"","44034334","OMOP1028965","Lithium Carbonate 300 MG Extended Release Oral Tablet [Duralith]","Branded Drug","Standard","08/23/2017","12/30/2099","0","0","0","0","Drug","RxNorm Extension",""
"","44127767","OMOP1122398","Lithium Carbonate 300 MG Extended Release Oral Tablet [Duralith] by Janssen","Marketed Product","Standard","08/23/2017","12/30/2099","0","0","0","0","Drug","RxNorm Extension",""
"","44060411","OMOP1055042","Lithium Carbonate 300 MG Extended Release Oral Tablet [Lithmax]","Branded Drug","Standard","08/23/2017","12/30/2099","0","0","0","0","Drug","RxNorm Extension",""
"","44114635","OMOP1109266","Lithium Carbonate 300 MG Extended Release Oral Tablet [Lithmax] by AA","Marketed Product","Standard","08/23/2017","12/30/2099","0","0","0","0","Drug","RxNorm Extension",""
"","19033464","206786","lithium carbonate 300 MG Extended Release Oral Tablet [Lithobid]","Branded Drug","Standard","12/31/1969","12/30/2099","2,112","2,112","409","409","Drug","RxNorm",""
"","42966502","OMOP4692961","Lithium Carbonate 300 MG [LITHAN]","Branded Drug Comp","Standard","08/20/2018","12/30/2099","0","0","0","0","Drug","RxNorm Extension",""
"","19125229","670001","lithium carbonate 300 MG [Lithane]","Branded Drug Comp","Standard","12/16/2006","12/30/2099","0","0","0","0","Drug","RxNorm",""
"","44105992","OMOP1100623","Lithium Carbonate 300 MG [Lithizine]","Branded Drug Comp","Standard","08/23/2017","12/30/2099","0","0","0","0","Drug","RxNorm Extension",""
"","44041326","OMOP1035957","Lithium Carbonate 300 MG [Lithmax]","Branded Drug Comp","Standard","08/23/2017","12/30/2099","0","0","0","0","Drug","RxNorm Extension",""
"","19045709","567597","lithium carbonate 300 MG [Lithobid]","Branded Drug Comp","Standard","09/10/2005","12/30/2099","0","2,112","0","409","Drug","RxNorm",""
"","19045199","567591","lithium carbonate 300 MG [Lithonate]","Branded Drug Comp","Standard","09/10/2005","12/30/2099","0","0","0","0","Drug","RxNorm",""
"","19045707","567592","lithium carbonate 300 MG [Lithotabs]","Branded Drug Comp","Standard","09/10/2005","12/30/2099","0","0","0","0","Drug","RxNorm",""
"","42966503","OMOP4692962","Lithium Carbonate 300 MG [MYUNGIN LITHIUM CARBONATE]","Branded Drug Comp","Standard","08/20/2018","12/30/2099","0","0","0","0","Drug","RxNorm Extension",""
"","751247","197889","lithium carbonate 300 MG Oral Capsule","Clinical Drug","Standard","12/31/1969","12/30/2099","130,854","130,854","11,266","11,266","Drug","RxNorm",""
"","44034336","OMOP1028967","Lithium Carbonate 300 MG Oral Capsule [Apo-Lithium Carbonate]","Branded Drug","Standard","08/23/2017","12/30/2099","0","0","0","0","Drug","RxNorm Extension",""
"","44088765","OMOP1083396","Lithium Carbonate 300 MG Oral Capsule [Apo-Lithium Carbonate] by Apotex","Marketed Product","Standard","08/23/2017","12/30/2099","0","0","0","0","Drug","RxNorm Extension",""
"","44060412","OMOP1055043","Lithium Carbonate 300 MG Oral Capsule [Carbolith]","Branded Drug","Standard","08/23/2017","12/30/2099","0","0","0","0","Drug","RxNorm Extension",""
"","44101792","OMOP1096423","Lithium Carbonate 300 MG Oral Capsule [Carbolith] by Valeant","Marketed Product","Standard","08/23/2017","12/30/2099","0","0","0","0","Drug","RxNorm Extension",""
"","19033437","206779","lithium carbonate 300 MG Oral Capsule [Eskalith]","Branded Drug","Standard","12/31/1969","12/30/2099","0","0","0","0","Drug","RxNorm",""
"","44047378","OMOP1042009","Lithium Carbonate 300 MG Oral Capsule [Euro Lithium]","Branded Drug","Standard","08/23/2017","12/30/2099","0","0","0","0","Drug","RxNorm Extension",""
"","44114638","OMOP1109269","Lithium Carbonate 300 MG Oral Capsule [Euro Lithium] by Euro-Pharm","Marketed Product","Standard","08/23/2017","12/30/2099","0","0","0","0","Drug","RxNorm Extension",""
"","44047377","OMOP1042008","Lithium Carbonate 300 MG Oral Capsule [Lithane]","Branded Drug","Standard","08/23/2017","12/30/2099","0","0","0","0","Drug","RxNorm Extension",""
"","44075901","OMOP1070532","Lithium Carbonate 300 MG Oral Capsule [Lithane] by Erfa 2012","Marketed Product","Standard","08/23/2017","12/30/2099","0","0","0","0","Drug","RxNorm Extension",""
"","44125047","OMOP1119678","Lithium Carbonate 300 MG Oral Capsule [Lithizine]","Branded Drug","Standard","08/23/2017","12/30/2099","0","0","0","0","Drug","RxNorm Extension",""
"","44114637","OMOP1109268","Lithium Carbonate 300 MG Oral Capsule [Lithizine] by Maney Paul","Marketed Product","Standard","08/23/2017","12/30/2099","0","0","0","0","Drug","RxNorm Extension",""
"","19033438","206780","lithium carbonate 300 MG Oral Capsule [Lithonate]","Branded Drug","Standard","12/31/1969","12/30/2099","0","0","0","0","Drug","RxNorm",""
"","44073197","OMOP1067828","Lithium Carbonate 300 MG Oral Capsule [Pal-Lithium Carbonate]","Branded Drug","Standard","08/23/2017","12/30/2099","0","0","0","0","Drug","RxNorm Extension",""
"","44114636","OMOP1109267","Lithium Carbonate 300 MG Oral Capsule [Pal-Lithium Carbonate] by Paladin","Marketed Product","Standard","08/23/2017","12/30/2099","0","0","0","0","Drug","RxNorm Extension",""
"","44034335","OMOP1028966","Lithium Carbonate 300 MG Oral Capsule [Phl-Lithium Carbonate]","Branded Drug","Standard","08/23/2017","12/30/2099","0","0","0","0","Drug","RxNorm Extension",""
"","44127768","OMOP1122399","Lithium Carbonate 300 MG Oral Capsule [Phl-Lithium Carbonate] by Pharmel","Marketed Product","Standard","08/23/2017","12/30/2099","0","0","0","0","Drug","RxNorm Extension",""
"","44086097","OMOP1080728","Lithium Carbonate 300 MG Oral Capsule [Pms-Lithium Carbonate]","Branded Drug","Standard","08/23/2017","12/30/2099","0","0","0","0","Drug","RxNorm Extension",""
"","44088764","OMOP1083395","Lithium Carbonate 300 MG Oral Capsule [Pms-Lithium Carbonate] by Pharmascience","Marketed Product","Standard","08/23/2017","12/30/2099","0","0","0","0","Drug","RxNorm Extension",""
"","19019111","197890","lithium carbonate 300 MG Oral Tablet","Clinical Drug","Standard","12/31/1969","12/30/2099","34,328","34,328","4,636","4,636","Drug","RxNorm",""
"","42966499","OMOP4692958","Lithium Carbonate 300 MG Oral Tablet [LITHAN]","Branded Drug","Standard","08/20/2018","12/30/2099","0","0","0","0","Drug","RxNorm Extension",""
"","19125230","670003","lithium carbonate 300 MG Oral Tablet [Lithane]","Branded Drug","Standard","12/16/2006","12/30/2099","0","0","0","0","Drug","RxNorm",""
"","19033439","206781","lithium carbonate 300 MG Oral Tablet [Lithotabs]","Branded Drug","Standard","12/31/1969","12/30/2099","0","0","0","0","Drug","RxNorm",""
"","42966500","OMOP4692959","Lithium Carbonate 300 MG Oral Tablet [MYUNGIN LITHIUM CARBONATE]","Branded Drug","Standard","08/20/2018","12/30/2099","0","0","0","0","Drug","RxNorm Extension",""
"","42966501","OMOP4692960","Lithium Carbonate 300 MG Oral Tablet [WHANIN LITHIUM CARBONATE]","Branded Drug","Standard","08/20/2018","12/30/2099","0","0","0","0","Drug","RxNorm Extension",""
"","44080072","OMOP1074703","Lithium Carbonate 300 MG [Pal-Lithium Carbonate]","Branded Drug Comp","Standard","08/23/2017","12/30/2099","0","0","0","0","Drug","RxNorm Extension",""
"","44093042","OMOP1087673","Lithium Carbonate 300 MG [Phl-Lithium Carbonate]","Branded Drug Comp","Standard","08/23/2017","12/30/2099","0","0","0","0","Drug","RxNorm Extension",""
"","44054399","OMOP1049030","Lithium Carbonate 300 MG [Pms-Lithium Carbonate]","Branded Drug Comp","Standard","08/23/2017","12/30/2099","0","0","0","0","Drug","RxNorm Extension",""
"","751363","311356","lithium carbonate 300 MG / sodium chloride 40 MG Extended Release Oral Tablet","Clinical Drug","Standard","12/31/1969","12/30/2099","0","0","0","0","Drug","RxNorm",""
"","42966504","OMOP4692963","Lithium Carbonate 300 MG [WHANIN LITHIUM CARBONATE]","Branded Drug Comp","Standard","08/20/2018","12/30/2099","0","0","0","0","Drug","RxNorm Extension",""
"","751367","332121","lithium carbonate 400 MG","Clinical Drug Comp","Standard","12/31/1969","12/30/2099","0","0","0","0","Drug","RxNorm",""
"","21024205","OMOP384077","Lithium Carbonate 400 MG [Camcolit]","Branded Drug Comp","Standard","08/23/2017","12/30/2099","0","0","0","0","Drug","RxNorm Extension",""
"","751284","199762","lithium carbonate 400 MG Extended Release Oral Tablet","Clinical Drug","Standard","12/31/1969","12/30/2099","0","0","0","0","Drug","RxNorm",""
"","21043848","OMOP384088","Lithium Carbonate 400 MG Extended Release Oral Tablet Box of 100","Clinical Drug Box","Standard","08/23/2017","12/30/2099","0","0","0","0","Drug","RxNorm Extension",""
"","2915812","OMOP5132629","lithium carbonate 400 MG Extended Release Oral Tablet Box of 1000","Clinical Drug Box","Standard","06/29/2021","12/30/2099","0","0","0","0","Drug","RxNorm Extension",""
"","21063477","OMOP384091","Lithium Carbonate 400 MG Extended Release Oral Tablet Box of 100 by AM Distributions","Marketed Product","Standard","08/23/2017","12/30/2099","0","0","0","0","Drug","RxNorm Extension",""
"","21132063","OMOP384093","Lithium Carbonate 400 MG Extended Release Oral Tablet Box of 100 by Colorama","Marketed Product","Standard","08/23/2017","12/30/2099","0","0","0","0","Drug","RxNorm Extension",""
"","21033946","OMOP384095","Lithium Carbonate 400 MG Extended Release Oral Tablet Box of 100 by DE","Marketed Product","Standard","08/23/2017","12/30/2099","0","0","0","0","Drug","RxNorm Extension",""
"","21122230","OMOP384089","Lithium Carbonate 400 MG Extended Release Oral Tablet Box of 100 by Ennogen","Marketed Product","Standard","08/23/2017","12/30/2099","0","0","0","0","Drug","RxNorm Extension",""
"","21092871","OMOP384092","Lithium Carbonate 400 MG Extended Release Oral Tablet Box of 100 by J M McGill","Marketed Product","Standard","08/23/2017","12/30/2099","0","0","0","0","Drug","RxNorm Extension",""
"","21161727","OMOP384090","Lithium Carbonate 400 MG Extended Release Oral Tablet Box of 100 by Kent","Marketed Product","Standard","08/23/2017","12/30/2099","0","0","0","0","Drug","RxNorm Extension",""
"","21053657","OMOP384096","Lithium Carbonate 400 MG Extended Release Oral Tablet Box of 100 by Niche","Marketed Product","Standard","08/23/2017","12/30/2099","0","0","0","0","Drug","RxNorm Extension",""
"","21083099","OMOP384082","Lithium Carbonate 400 MG Extended Release Oral Tablet by AM Distributions","Marketed Product","Standard","08/23/2017","12/30/2099","0","0","0","0","Drug","RxNorm Extension",""
"","21073399","OMOP384085","Lithium Carbonate 400 MG Extended Release Oral Tablet by Colorama","Marketed Product","Standard","08/23/2017","12/30/2099","0","0","0","0","Drug","RxNorm Extension",""
"","21063476","OMOP384086","Lithium Carbonate 400 MG Extended Release Oral Tablet by DE","Marketed Product","Standard","08/23/2017","12/30/2099","0","0","0","0","Drug","RxNorm Extension",""
"","21073398","OMOP384080","Lithium Carbonate 400 MG Extended Release Oral Tablet by Ennogen","Marketed Product","Standard","08/23/2017","12/30/2099","0","0","0","0","Drug","RxNorm Extension",""
"","21171494","OMOP384084","Lithium Carbonate 400 MG Extended Release Oral Tablet by J M McGill","Marketed Product","Standard","08/23/2017","12/30/2099","0","0","0","0","Drug","RxNorm Extension",""
"","21141997","OMOP384081","Lithium Carbonate 400 MG Extended Release Oral Tablet by Kent","Marketed Product","Standard","08/23/2017","12/30/2099","0","0","0","0","Drug","RxNorm Extension",""
"","21102770","OMOP384087","Lithium Carbonate 400 MG Extended Release Oral Tablet by Niche","Marketed Product","Standard","08/23/2017","12/30/2099","0","0","0","0","Drug","RxNorm Extension",""
"","21063478","OMOP384097","Lithium Carbonate 400 MG Extended Release Oral Tablet [Camcolit]","Branded Drug","Standard","08/23/2017","12/30/2099","0","0","0","0","Drug","RxNorm Extension",""
"","21132064","OMOP384101","Lithium Carbonate 400 MG Extended Release Oral Tablet [Camcolit] Box of 100","Branded Drug Box","Standard","08/23/2017","12/30/2099","0","0","0","0","Drug","RxNorm Extension",""
"","36963838","OMOP5204970","lithium carbonate 400 MG Extended Release Oral Tablet [Camcolit] Box of 100 by CST","Marketed Product","Standard","05/21/2023","12/30/2099","0","0","0","0","Drug","RxNorm Extension",""
"","21141999","OMOP384104","Lithium Carbonate 400 MG Extended Release Oral Tablet [Camcolit] Box of 100 by Essential","Marketed Product","Standard","08/23/2017","12/30/2099","0","0","0","0","Drug","RxNorm Extension",""
"","36062565","OMOP4988594","lithium carbonate 400 MG Extended Release Oral Tablet [Camcolit] Box of 100 by Mawdsley-Brooks","Marketed Product","Standard","08/16/2020","12/30/2099","0","0","0","0","Drug","RxNorm Extension",""
"","36938591","OMOP5204971","lithium carbonate 400 MG Extended Release Oral Tablet [Camcolit] Box of 100 by Pilsco","Marketed Product","Standard","05/21/2023","12/30/2099","0","0","0","0","Drug","RxNorm Extension",""
"","40747605","OMOP4709630","Lithium Carbonate 400 MG Extended Release Oral Tablet [Camcolit] Box of 100 by Sigma","Marketed Product","Standard","06/03/2018","12/30/2099","0","0","0","0","Drug","RxNorm Extension",""
"","21122231","OMOP384102","Lithium Carbonate 400 MG Extended Release Oral Tablet [Camcolit] Box of 100 by Sigma-Tau","Marketed Product","Standard","08/23/2017","12/30/2099","0","0","0","0","Drug","RxNorm Extension",""
"","21024208","OMOP384103","Lithium Carbonate 400 MG Extended Release Oral Tablet [Camcolit] Box of 100 by Waymade","Marketed Product","Standard","08/23/2017","12/30/2099","0","0","0","0","Drug","RxNorm Extension",""
"","36932382","OMOP5204968","lithium carbonate 400 MG Extended Release Oral Tablet [Camcolit] by CST","Marketed Product","Standard","05/21/2023","12/30/2099","0","0","0","0","Drug","RxNorm Extension",""
"","21043849","OMOP384100","Lithium Carbonate 400 MG Extended Release Oral Tablet [Camcolit] by Essential","Marketed Product","Standard","08/23/2017","12/30/2099","0","0","0","0","Drug","RxNorm Extension",""
"","36062566","OMOP4988595","lithium carbonate 400 MG Extended Release Oral Tablet [Camcolit] by Mawdsley-Brooks","Marketed Product","Standard","08/16/2020","12/30/2099","0","0","0","0","Drug","RxNorm Extension",""
"","36922927","OMOP5204969","lithium carbonate 400 MG Extended Release Oral Tablet [Camcolit] by Pilsco","Marketed Product","Standard","05/21/2023","12/30/2099","0","0","0","0","Drug","RxNorm Extension",""
"","40747606","OMOP4709629","Lithium Carbonate 400 MG Extended Release Oral Tablet [Camcolit] by Sigma","Marketed Product","Standard","06/03/2018","12/30/2099","0","0","0","0","Drug","RxNorm Extension",""
"","21033947","OMOP384098","Lithium Carbonate 400 MG Extended Release Oral Tablet [Camcolit] by Sigma-Tau","Marketed Product","Standard","08/23/2017","12/30/2099","0","0","0","0","Drug","RxNorm Extension",""
"","21141998","OMOP384099","Lithium Carbonate 400 MG Extended Release Oral Tablet [Camcolit] by Waymade","Marketed Product","Standard","08/23/2017","12/30/2099","0","0","0","0","Drug","RxNorm Extension",""
"","2915811","OMOP5132628","lithium carbonate 400 MG Extended Release Oral Tablet [Lithicarb]","Branded Drug","Standard","06/29/2021","12/30/2099","0","0","0","0","Drug","RxNorm Extension",""
"","2915810","OMOP5132627","lithium carbonate 400 MG Extended Release Oral Tablet [Lithicarb] Box of 100","Branded Drug Box","Standard","06/29/2021","12/30/2099","0","0","0","0","Drug","RxNorm Extension",""
"","2915809","OMOP5132626","lithium carbonate 400 MG Extended Release Oral Tablet [Lithicarb] Box of 1000","Branded Drug Box","Standard","06/29/2021","12/30/2099","0","0","0","0","Drug","RxNorm Extension",""
"","21024209","OMOP384106","Lithium Carbonate 400 MG Extended Release Oral Tablet [Lithonate]","Branded Drug","Standard","08/23/2017","12/30/2099","0","0","0","0","Drug","RxNorm Extension",""
"","21161728","OMOP384108","Lithium Carbonate 400 MG Extended Release Oral Tablet [Lithonate] Box of 100","Branded Drug Box","Standard","08/23/2017","12/30/2099","0","0","0","0","Drug","RxNorm Extension",""
"","21033948","OMOP384109","Lithium Carbonate 400 MG Extended Release Oral Tablet [Lithonate] Box of 100 by TEVA","Marketed Product","Standard","08/23/2017","12/30/2099","0","0","0","0","Drug","RxNorm Extension",""
"","21112597","OMOP384107","Lithium Carbonate 400 MG Extended Release Oral Tablet [Lithonate] by TEVA","Marketed Product","Standard","08/23/2017","12/30/2099","0","0","0","0","Drug","RxNorm Extension",""
"","40747690","OMOP4709614","Lithium Carbonate 400 MG Extended Release Oral Tablet [Priadel]","Branded Drug","Standard","06/03/2018","12/30/2099","0","0","0","0","Drug","RxNorm Extension",""
"","21151810","OMOP384110","Lithium Carbonate 400 MG Extended Release Oral Tablet [Priadel]","Branded Drug","Standard","08/23/2017","12/30/2099","0","0","0","0","Drug","RxNorm Extension",""
"","40747682","OMOP4709622","Lithium Carbonate 400 MG Extended Release Oral Tablet [Priadel] Box of 100","Branded Drug Box","Standard","06/03/2018","12/30/2099","0","0","0","0","Drug","RxNorm Extension",""
"","21132065","OMOP384120","Lithium Carbonate 400 MG Extended Release Oral Tablet [Priadel] Box of 100","Branded Drug Box","Standard","08/23/2017","12/30/2099","0","0","0","0","Drug","RxNorm Extension",""
"","40747680","OMOP4709624","Lithium Carbonate 400 MG Extended Release Oral Tablet [Priadel] Box of 100 by DE","Marketed Product","Standard","06/03/2018","12/30/2099","0","0","0","0","Drug","RxNorm Extension",""
"","21063480","OMOP384124","Lithium Carbonate 400 MG Extended Release Oral Tablet [Priadel] Box of 100 by DE","Marketed Product","Standard","08/23/2017","12/30/2099","0","0","0","0","Drug","RxNorm Extension",""
"","40747679","OMOP4709625","Lithium Carbonate 400 MG Extended Release Oral Tablet [Priadel] Box of 100 by Dowelhurst","Marketed Product","Standard","06/03/2018","12/30/2099","0","0","0","0","Drug","RxNorm Extension",""
"","21102771","OMOP384126","Lithium Carbonate 400 MG Extended Release Oral Tablet [Priadel] Box of 100 by Dowelhurst","Marketed Product","Standard","08/23/2017","12/30/2099","0","0","0","0","Drug","RxNorm Extension",""
"","36810580","OMOP4824615","Lithium Carbonate 400 MG Extended Release Oral Tablet [Priadel] Box of 100 by Essential","Marketed Product","Standard","01/27/2019","12/30/2099","0","0","0","0","Drug","RxNorm Extension",""
"","40747607","OMOP4709628","Lithium Carbonate 400 MG Extended Release Oral Tablet [Priadel] Box of 100 by Mawdsley-Brooks","Marketed Product","Standard","06/03/2018","12/30/2099","0","0","0","0","Drug","RxNorm Extension",""
"","21063479","OMOP384121","Lithium Carbonate 400 MG Extended Release Oral Tablet [Priadel] Box of 100 by Mawdsley-Brooks","Marketed Product","Standard","08/23/2017","12/30/2099","0","0","0","0","Drug","RxNorm Extension",""
"","40747609","OMOP4709626","Lithium Carbonate 400 MG Extended Release Oral Tablet [Priadel] Box of 100 by Necessity Supplies","Marketed Product","Standard","06/03/2018","12/30/2099","0","0","0","0","Drug","RxNorm Extension",""
"","40747681","OMOP4709623","Lithium Carbonate 400 MG Extended Release Oral Tablet [Priadel] Box of 100 by Sanofi","Marketed Product","Standard","06/03/2018","12/30/2099","0","0","0","0","Drug","RxNorm Extension",""
"","21151811","OMOP384127","Lithium Carbonate 400 MG Extended Release Oral Tablet [Priadel] Box of 100 by Sanofi","Marketed Product","Standard","08/23/2017","12/30/2099","0","0","0","0","Drug","RxNorm Extension",""
"","40747683","OMOP4709621","Lithium Carbonate 400 MG Extended Release Oral Tablet [Priadel] Box of 100 by Sigma","Marketed Product","Standard","06/03/2018","12/30/2099","0","0","0","0","Drug","RxNorm Extension",""
"","21073400","OMOP384122","Lithium Carbonate 400 MG Extended Release Oral Tablet [Priadel] Box of 100 by Sigma-Tau","Marketed Product","Standard","08/23/2017","12/30/2099","0","0","0","0","Drug","RxNorm Extension",""
"","40747608","OMOP4709627","Lithium Carbonate 400 MG Extended Release Oral Tablet [Priadel] Box of 100 by Waymade","Marketed Product","Standard","06/03/2018","12/30/2099","0","0","0","0","Drug","RxNorm Extension",""
"","21142001","OMOP384123","Lithium Carbonate 400 MG Extended Release Oral Tablet [Priadel] Box of 100 by Waymade","Marketed Product","Standard","08/23/2017","12/30/2099","0","0","0","0","Drug","RxNorm Extension",""
"","21043850","OMOP384114","Lithium Carbonate 400 MG Extended Release Oral Tablet [Priadel] by DE","Marketed Product","Standard","08/23/2017","12/30/2099","0","0","0","0","Drug","RxNorm Extension",""
"","40747688","OMOP4709616","Lithium Carbonate 400 MG Extended Release Oral Tablet [Priadel] by DE","Marketed Product","Standard","06/03/2018","12/30/2099","0","0","0","0","Drug","RxNorm Extension",""
"","21142000","OMOP384118","Lithium Carbonate 400 MG Extended Release Oral Tablet [Priadel] by Dowelhurst","Marketed Product","Standard","08/23/2017","12/30/2099","0","0","0","0","Drug","RxNorm Extension",""
"","40747687","OMOP4709617","Lithium Carbonate 400 MG Extended Release Oral Tablet [Priadel] by Dowelhurst","Marketed Product","Standard","06/03/2018","12/30/2099","0","0","0","0","Drug","RxNorm Extension",""
"","36812439","OMOP4826471","Lithium Carbonate 400 MG Extended Release Oral Tablet [Priadel] by Essential","Marketed Product","Standard","01/27/2019","12/30/2099","0","0","0","0","Drug","RxNorm Extension",""
"","40747684","OMOP4709620","Lithium Carbonate 400 MG Extended Release Oral Tablet [Priadel] by Mawdsley-Brooks","Marketed Product","Standard","06/03/2018","12/30/2099","0","0","0","0","Drug","RxNorm Extension",""
"","21033949","OMOP384111","Lithium Carbonate 400 MG Extended Release Oral Tablet [Priadel] by Mawdsley-Brooks","Marketed Product","Standard","08/23/2017","12/30/2099","0","0","0","0","Drug","RxNorm Extension",""
"","40747686","OMOP4709618","Lithium Carbonate 400 MG Extended Release Oral Tablet [Priadel] by Necessity Supplies","Marketed Product","Standard","06/03/2018","12/30/2099","0","0","0","0","Drug","RxNorm Extension",""
"","40747689","OMOP4709615","Lithium Carbonate 400 MG Extended Release Oral Tablet [Priadel] by Sanofi","Marketed Product","Standard","06/03/2018","12/30/2099","0","0","0","0","Drug","RxNorm Extension",""
"","21083100","OMOP384119","Lithium Carbonate 400 MG Extended Release Oral Tablet [Priadel] by Sanofi","Marketed Product","Standard","08/23/2017","12/30/2099","0","0","0","0","Drug","RxNorm Extension",""
"","40747691","OMOP4709613","Lithium Carbonate 400 MG Extended Release Oral Tablet [Priadel] by Sigma","Marketed Product","Standard","06/03/2018","12/30/2099","0","0","0","0","Drug","RxNorm Extension",""
"","21161729","OMOP384112","Lithium Carbonate 400 MG Extended Release Oral Tablet [Priadel] by Sigma-Tau","Marketed Product","Standard","08/23/2017","12/30/2099","0","0","0","0","Drug","RxNorm Extension",""
"","40747685","OMOP4709619","Lithium Carbonate 400 MG Extended Release Oral Tablet [Priadel] by Waymade","Marketed Product","Standard","06/03/2018","12/30/2099","0","0","0","0","Drug","RxNorm Extension",""
"","21092872","OMOP384113","Lithium Carbonate 400 MG Extended Release Oral Tablet [Priadel] by Waymade","Marketed Product","Standard","08/23/2017","12/30/2099","0","0","0","0","Drug","RxNorm Extension",""
"","2915813","OMOP5132630","lithium carbonate 400 MG [Lithicarb]","Branded Drug Comp","Standard","06/29/2021","12/30/2099","0","0","0","0","Drug","RxNorm Extension",""
"","21024206","OMOP384078","Lithium Carbonate 400 MG [Lithonate]","Branded Drug Comp","Standard","08/23/2017","12/30/2099","0","0","0","0","Drug","RxNorm Extension",""
"","751291","249586","lithium carbonate 400 MG Oral Capsule","Clinical Drug","Standard","12/31/1969","12/30/2099","0","0","0","0","Drug","RxNorm",""
"","751283","199761","lithium carbonate 400 MG Oral Tablet","Clinical Drug","Standard","12/31/1969","12/30/2099","0","0","0","0","Drug","RxNorm",""
"","36259612","OMOP3110487","Lithium Carbonate 400 MG Oral Tablet Box of 100","Clinical Drug Box","Standard","09/30/2017","12/30/2099","0","0","0","0","Drug","RxNorm Extension",""
"","36260264","OMOP3111139","Lithium Carbonate 400 MG Oral Tablet [Camcolit]","Branded Drug","Standard","09/30/2017","12/30/2099","0","0","0","0","Drug","RxNorm Extension",""
"","36260263","OMOP3111138","Lithium Carbonate 400 MG Oral Tablet [Camcolit] Box of 100","Branded Drug Box","Standard","09/30/2017","12/30/2099","0","0","0","0","Drug","RxNorm Extension",""
"","36788621","OMOP4776876","Lithium Carbonate 400 MG Oral Tablet [Camcolit] Box of 100 by Movianto","Marketed Product","Standard","08/31/2018","12/30/2099","0","0","0","0","Drug","RxNorm Extension",""
"","36269086","OMOP3119961","Lithium Carbonate 400 MG Oral Tablet [Camcolit] Box of 100 by Norgine","Marketed Product","Standard","09/30/2017","12/30/2099","0","0","0","0","Drug","RxNorm Extension",""
"","21024207","OMOP384079","Lithium Carbonate 400 MG [Priadel]","Branded Drug Comp","Standard","08/23/2017","12/30/2099","0","0","0","0","Drug","RxNorm Extension",""
"","40747692","OMOP4709612","Lithium Carbonate 400 MG [Priadel]","Branded Drug Comp","Standard","06/03/2018","12/30/2099","0","0","0","0","Drug","RxNorm Extension",""
"","21083101","OMOP384129","Lithium Carbonate 40 MG/ML","Clinical Drug Comp","Standard","08/23/2017","12/30/2099","0","0","0","0","Drug","RxNorm Extension",""
"","21102772","OMOP384130","Lithium Carbonate 40 MG/ML Oral Suspension","Clinical Drug","Standard","08/23/2017","12/30/2099","0","0","0","0","Drug","RxNorm Extension",""
"","751369","332536","lithium carbonate 450 MG","Clinical Drug Comp","Standard","12/31/1969","12/30/2099","0","58,563","0","4,732","Drug","RxNorm",""
"","19064668","567598","lithium carbonate 450 MG [Eskalith-CR]","Branded Drug Comp","Standard","09/10/2005","12/30/2099","0","0","0","0","Drug","RxNorm",""
"","751250","197892","lithium carbonate 450 MG Extended Release Oral Tablet","Clinical Drug","Standard","12/31/1969","12/30/2099","58,563","58,563","4,732","4,732","Drug","RxNorm",""
"","36885834","OMOP999357","Lithium Carbonate 450 MG Extended Release Oral Tablet Box of 100","Clinical Drug Box","Standard","08/23/2017","12/30/2099","0","0","0","0","Drug","RxNorm Extension",""
"","21171496","OMOP384156","Lithium Carbonate 450 MG Extended Release Oral Tablet Box of 60","Clinical Drug Box","Standard","08/23/2017","12/30/2099","0","0","0","0","Drug","RxNorm Extension",""
"","19033465","206787","lithium carbonate 450 MG Extended Release Oral Tablet [Eskalith-CR]","Branded Drug","Standard","12/31/1969","12/30/2099","0","0","0","0","Drug","RxNorm",""
"","21132067","OMOP384157","Lithium Carbonate 450 MG Extended Release Oral Tablet [Liskonum]","Branded Drug","Standard","08/23/2017","12/30/2099","0","0","0","0","Drug","RxNorm Extension",""
"","21083102","OMOP384159","Lithium Carbonate 450 MG Extended Release Oral Tablet [Liskonum] Box of 60","Branded Drug Box","Standard","08/23/2017","12/30/2099","0","0","0","0","Drug","RxNorm Extension",""
"","21161732","OMOP384160","Lithium Carbonate 450 MG Extended Release Oral Tablet [Liskonum] Box of 60 by Glaxosmithkline","Marketed Product","Standard","08/23/2017","12/30/2099","0","0","0","0","Drug","RxNorm Extension",""
"","40747603","OMOP4709632","Lithium Carbonate 450 MG Extended Release Oral Tablet [Liskonum] Box of 60 by Teofarma","Marketed Product","Standard","06/03/2018","12/30/2099","0","0","0","0","Drug","RxNorm Extension",""
"","21142004","OMOP384158","Lithium Carbonate 450 MG Extended Release Oral Tablet [Liskonum] by Glaxosmithkline","Marketed Product","Standard","08/23/2017","12/30/2099","0","0","0","0","Drug","RxNorm Extension",""
"","40747604","OMOP4709631","Lithium Carbonate 450 MG Extended Release Oral Tablet [Liskonum] by Teofarma","Marketed Product","Standard","06/03/2018","12/30/2099","0","0","0","0","Drug","RxNorm Extension",""
"","2915807","OMOP5132624","lithium carbonate 450 MG Extended Release Oral Tablet [Lithquil]","Branded Drug","Standard","06/29/2021","12/30/2099","0","0","0","0","Drug","RxNorm Extension",""
"","2915806","OMOP5132623","lithium carbonate 450 MG Extended Release Oral Tablet [Lithquil] Box of 100","Branded Drug Box","Standard","06/29/2021","12/30/2099","0","0","0","0","Drug","RxNorm Extension",""
"","43288885","OMOP537001","Lithium Carbonate 450 MG Extended Release Oral Tablet [Quilonum]","Branded Drug","Standard","08/23/2017","12/30/2099","0","0","0","0","Drug","RxNorm Extension",""
"","43261619","OMOP537002","Lithium Carbonate 450 MG Extended Release Oral Tablet [Quilonum] Box of 100","Branded Drug Box","Standard","08/23/2017","12/30/2099","0","0","0","0","Drug","RxNorm Extension",""
"","21142003","OMOP384154","Lithium Carbonate 450 MG [Liskonum]","Branded Drug Comp","Standard","08/23/2017","12/30/2099","0","0","0","0","Drug","RxNorm Extension",""
"","2915808","OMOP5132625","lithium carbonate 450 MG [Lithquil]","Branded Drug Comp","Standard","06/29/2021","12/30/2099","0","0","0","0","Drug","RxNorm Extension",""
"","36274388","OMOP3125263","Lithium Carbonate 450 MG [Maniprex]","Branded Drug Comp","Standard","09/30/2017","12/30/2099","0","0","0","0","Drug","RxNorm Extension",""
"","36262187","OMOP3113062","Lithium Carbonate 450 MG Oral Capsule","Clinical Drug","Standard","09/30/2017","12/30/2099","0","0","0","0","Drug","RxNorm Extension",""
"","36269858","OMOP3120733","Lithium Carbonate 450 MG Oral Capsule Box of 50","Clinical Drug Box","Standard","09/30/2017","12/30/2099","0","0","0","0","Drug","RxNorm Extension",""
"","36273021","OMOP3123896","Lithium Carbonate 450 MG Oral Capsule [Maniprex]","Branded Drug","Standard","09/30/2017","12/30/2099","0","0","0","0","Drug","RxNorm Extension",""
"","36262795","OMOP3113670","Lithium Carbonate 450 MG Oral Capsule [Maniprex] Box of 50","Branded Drug Box","Standard","09/30/2017","12/30/2099","0","0","0","0","Drug","RxNorm Extension",""
"","36273799","OMOP3124674","Lithium Carbonate 450 MG Oral Capsule [Maniprex] Box of 50 by Kela","Marketed Product","Standard","09/30/2017","12/30/2099","0","0","0","0","Drug","RxNorm Extension",""
"","43256311","OMOP537000","Lithium Carbonate 450 MG [Quilonum]","Branded Drug Comp","Standard","08/23/2017","12/30/2099","0","0","0","0","Drug","RxNorm Extension",""
"","751365","332119","lithium carbonate 600 MG","Clinical Drug Comp","Standard","12/31/1969","12/30/2099","0","3,266","0","507","Drug","RxNorm",""
"","44067403","OMOP1062034","Lithium Carbonate 600 MG [Carbolith]","Branded Drug Comp","Standard","08/23/2017","12/30/2099","0","0","0","0","Drug","RxNorm Extension",""
"","751251","197893","lithium carbonate 600 MG Oral Capsule","Clinical Drug","Standard","12/31/1969","12/30/2099","3,266","3,266","507","507","Drug","RxNorm",""
"","44060410","OMOP1055041","Lithium Carbonate 600 MG Oral Capsule [Carbolith]","Branded Drug","Standard","08/23/2017","12/30/2099","0","0","0","0","Drug","RxNorm Extension",""
"","44101791","OMOP1096422","Lithium Carbonate 600 MG Oral Capsule [Carbolith] by Valeant","Marketed Product","Standard","08/23/2017","12/30/2099","0","0","0","0","Drug","RxNorm Extension",""
"","44125046","OMOP1119677","Lithium Carbonate 600 MG Oral Capsule [Pal-Lithium Carbonate]","Branded Drug","Standard","08/23/2017","12/30/2099","0","0","0","0","Drug","RxNorm Extension",""
"","44101790","OMOP1096421","Lithium Carbonate 600 MG Oral Capsule [Pal-Lithium Carbonate] by Paladin","Marketed Product","Standard","08/23/2017","12/30/2099","0","0","0","0","Drug","RxNorm Extension",""
"","44099061","OMOP1093692","Lithium Carbonate 600 MG Oral Capsule [Phl-Lithium Carbonate]","Branded Drug","Standard","08/23/2017","12/30/2099","0","0","0","0","Drug","RxNorm Extension",""
"","44088763","OMOP1083394","Lithium Carbonate 600 MG Oral Capsule [Phl-Lithium Carbonate] by Pharmel","Marketed Product","Standard","08/23/2017","12/30/2099","0","0","0","0","Drug","RxNorm Extension",""
"","44047376","OMOP1042007","Lithium Carbonate 600 MG Oral Capsule [Pms-Lithium Carbonate]","Branded Drug","Standard","08/23/2017","12/30/2099","0","0","0","0","Drug","RxNorm Extension",""
"","44101789","OMOP1096420","Lithium Carbonate 600 MG Oral Capsule [Pms-Lithium Carbonate] by Pharmascience","Marketed Product","Standard","08/23/2017","12/30/2099","0","0","0","0","Drug","RxNorm Extension",""
"","44067402","OMOP1062033","Lithium Carbonate 600 MG [Pal-Lithium Carbonate]","Branded Drug Comp","Standard","08/23/2017","12/30/2099","0","0","0","0","Drug","RxNorm Extension",""
"","44041325","OMOP1035956","Lithium Carbonate 600 MG [Phl-Lithium Carbonate]","Branded Drug Comp","Standard","08/23/2017","12/30/2099","0","0","0","0","Drug","RxNorm Extension",""
"","44041324","OMOP1035955","Lithium Carbonate 600 MG [Pms-Lithium Carbonate]","Branded Drug Comp","Standard","08/23/2017","12/30/2099","0","0","0","0","Drug","RxNorm Extension",""
"","1235918","OMOP5216624","lithium carbonate 66.7 MG/ML","Clinical Drug Comp","Standard","08/23/2023","12/30/2099","0","0","0","0","Drug","RxNorm Extension",""
"","1235919","OMOP5216625","lithium carbonate 66.7 MG/ML Oral Solution","Clinical Drug","Standard","08/23/2023","12/30/2099","0","0","0","0","Drug","RxNorm Extension",""
"","40000556","372618","lithium carbonate Extended Release Oral Tablet","Clinical Drug Form","Standard","12/31/1969","12/30/2099","0","106,750","0","9,922","Drug","RxNorm",""
"","21063475","OMOP384072","Lithium Carbonate Extended Release Oral Tablet [Camcolit]","Branded Drug Form","Standard","08/23/2017","12/30/2099","0","0","0","0","Drug","RxNorm Extension",""
"","44030967","OMOP1025598","Lithium Carbonate Extended Release Oral Tablet [Duralith]","Branded Drug Form","Standard","08/23/2017","12/30/2099","0","0","0","0","Drug","RxNorm Extension",""
"","40000557","370026","lithium carbonate Extended Release Oral Tablet [Eskalith-CR]","Branded Drug Form","Standard","12/31/1969","12/30/2099","0","0","0","0","Drug","RxNorm",""
"","21141996","OMOP384076","Lithium Carbonate Extended Release Oral Tablet [Liskonum]","Branded Drug Form","Standard","08/23/2017","12/30/2099","0","0","0","0","Drug","RxNorm Extension",""
"","2915820","OMOP5132637","lithium carbonate Extended Release Oral Tablet [Lithicarb]","Branded Drug Form","Standard","06/29/2021","12/30/2099","0","0","0","0","Drug","RxNorm Extension",""
"","42614671","OMOP5159748","lithium carbonate Extended Release Oral Tablet [Lithicarb]","Branded Drug Form","Standard","06/29/2021","12/30/2099","0","0","0","0","Drug","RxNorm Extension",""
"","44121617","OMOP1116248","Lithium Carbonate Extended Release Oral Tablet [Lithmax]","Branded Drug Form","Standard","08/23/2017","12/30/2099","0","0","0","0","Drug","RxNorm Extension",""
"","40000558","370086","lithium carbonate Extended Release Oral Tablet [Lithobid]","Branded Drug Form","Standard","12/31/1969","12/30/2099","0","2,112","0","409","Drug","RxNorm",""
"","21122229","OMOP384073","Lithium Carbonate Extended Release Oral Tablet [Lithonate]","Branded Drug Form","Standard","08/23/2017","12/30/2099","0","0","0","0","Drug","RxNorm Extension",""
"","42614670","OMOP5159747","lithium carbonate Extended Release Oral Tablet [Lithquil]","Branded Drug Form","Standard","06/29/2021","12/30/2099","0","0","0","0","Drug","RxNorm Extension",""
"","2915821","OMOP5132638","lithium carbonate Extended Release Oral Tablet [Lithquil]","Branded Drug Form","Standard","06/29/2021","12/30/2099","0","0","0","0","Drug","RxNorm Extension",""
"","21083098","OMOP384075","Lithium Carbonate Extended Release Oral Tablet [Priadel]","Branded Drug Form","Standard","08/23/2017","12/30/2099","0","0","0","0","Drug","RxNorm Extension",""
"","40747698","OMOP4709606","Lithium Carbonate Extended Release Oral Tablet [Priadel]","Branded Drug Form","Standard","06/03/2018","12/30/2099","0","0","0","0","Drug","RxNorm Extension",""
"","43261618","OMOP536991","Lithium Carbonate Extended Release Oral Tablet [Quilonum]","Branded Drug Form","Standard","08/23/2017","12/30/2099","0","0","0","0","Drug","RxNorm Extension",""
"","40000560","372616","lithium carbonate Oral Capsule","Clinical Drug Form","Standard","12/31/1969","12/30/2099","0","173,871","0","16,323","Drug","RxNorm",""
"","44030969","OMOP1025600","Lithium Carbonate Oral Capsule [Apo-Lithium Carbonate]","Branded Drug Form","Standard","08/23/2017","12/30/2099","0","0","0","0","Drug","RxNorm Extension",""
"","44108517","OMOP1103148","Lithium Carbonate Oral Capsule [Carbolith]","Branded Drug Form","Standard","08/23/2017","12/30/2099","0","0","0","0","Drug","RxNorm Extension",""
"","44056974","OMOP1051605","Lithium Carbonate Oral Capsule [Dom-Lithium Carbonate]","Branded Drug Form","Standard","08/23/2017","12/30/2099","0","0","0","0","Drug","RxNorm Extension",""
"","40000561","366512","lithium carbonate Oral Capsule [Eskalith]","Branded Drug Form","Standard","12/31/1969","12/30/2099","0","0","0","0","Drug","RxNorm",""
"","44082708","OMOP1077339","Lithium Carbonate Oral Capsule [Euro Lithium]","Branded Drug Form","Standard","08/23/2017","12/30/2099","0","0","0","0","Drug","RxNorm Extension",""
"","44044002","OMOP1038633","Lithium Carbonate Oral Capsule [Lithane]","Branded Drug Form","Standard","08/23/2017","12/30/2099","0","0","0","0","Drug","RxNorm Extension",""
"","44056973","OMOP1051604","Lithium Carbonate Oral Capsule [Lithizine]","Branded Drug Form","Standard","08/23/2017","12/30/2099","0","0","0","0","Drug","RxNorm Extension",""
"","40000562","366710","lithium carbonate Oral Capsule [Lithonate]","Branded Drug Form","Standard","12/31/1969","12/30/2099","0","0","0","0","Drug","RxNorm",""
"","36264505","OMOP3115380","Lithium Carbonate Oral Capsule [Maniprex]","Branded Drug Form","Standard","09/30/2017","12/30/2099","0","0","0","0","Drug","RxNorm Extension",""
"","44030968","OMOP1025599","Lithium Carbonate Oral Capsule [Pal-Lithium Carbonate]","Branded Drug Form","Standard","08/23/2017","12/30/2099","0","0","0","0","Drug","RxNorm Extension",""
"","44121618","OMOP1116249","Lithium Carbonate Oral Capsule [Phl-Lithium Carbonate]","Branded Drug Form","Standard","08/23/2017","12/30/2099","0","0","0","0","Drug","RxNorm Extension",""
"","44069853","OMOP1064484","Lithium Carbonate Oral Capsule [Pms-Lithium Carbonate]","Branded Drug Form","Standard","08/23/2017","12/30/2099","0","0","0","0","Drug","RxNorm Extension",""
"","36221129","1164697","lithium carbonate Oral Liquid Product","Clinical Dose Group","Classification","07/31/2016","12/30/2099","0","0","0","0","Drug","RxNorm",""
"","36221130","1164698","lithium carbonate Oral Product","Clinical Dose Group","Classification","07/31/2016","12/30/2099","0","314,949","0","30,881","Drug","RxNorm",""
"","40000563","385263","lithium carbonate Oral Solution","Clinical Drug Form","Standard","12/31/1969","12/30/2099","0","0","0","0","Drug","RxNorm",""
"","42482774","OMOP417229","Lithium Carbonate Oral Suspension","Clinical Drug Form","Standard","08/23/2017","12/30/2099","0","0","0","0","Drug","RxNorm Extension",""
"","40000564","372617","lithium carbonate Oral Tablet","Clinical Drug Form","Standard","12/31/1969","12/30/2099","0","34,328","0","4,636","Drug","RxNorm",""
"","21024204","OMOP384071","Lithium Carbonate Oral Tablet [Camcolit]","Branded Drug Form","Standard","08/23/2017","12/30/2099","0","0","0","0","Drug","RxNorm Extension",""
"","35134909","OMOP4792106","Lithium Carbonate Oral Tablet [LIMAS]","Branded Drug Form","Standard","03/10/2019","12/30/2099","0","0","0","0","Drug","RxNorm Extension",""
"","42966507","OMOP4692966","Lithium Carbonate Oral Tablet [LITHAN]","Branded Drug Form","Standard","08/20/2018","12/30/2099","0","0","0","0","Drug","RxNorm Extension",""
"","40136946","670002","lithium carbonate Oral Tablet [Lithane]","Branded Drug Form","Standard","12/16/2006","12/30/2099","0","0","0","0","Drug","RxNorm",""
"","43283410","OMOP536992","Lithium Carbonate Oral Tablet [Lithicarb]","Branded Drug Form","Standard","08/23/2017","12/30/2099","0","0","0","0","Drug","RxNorm Extension",""
"","40000565","368077","lithium carbonate Oral Tablet [Lithotabs]","Branded Drug Form","Standard","12/31/1969","12/30/2099","0","0","0","0","Drug","RxNorm",""
"","2915819","OMOP5132636","lithium carbonate Oral Tablet [Lithspen]","Branded Drug Form","Standard","06/29/2021","12/30/2099","0","0","0","0","Drug","RxNorm Extension",""
"","42614672","OMOP5159749","lithium carbonate Oral Tablet [Lithspen]","Branded Drug Form","Standard","06/29/2021","12/30/2099","0","0","0","0","Drug","RxNorm Extension",""
"","36259359","OMOP3110234","Lithium Carbonate Oral Tablet [Maniprex]","Branded Drug Form","Standard","09/30/2017","12/30/2099","0","0","0","0","Drug","RxNorm Extension",""
"","42966508","OMOP4692967","Lithium Carbonate Oral Tablet [MYUNGIN LITHIUM CARBONATE]","Branded Drug Form","Standard","08/20/2018","12/30/2099","0","0","0","0","Drug","RxNorm Extension",""
"","42966509","OMOP4692968","Lithium Carbonate Oral Tablet [WHANIN LITHIUM CARBONATE]","Branded Drug Form","Standard","08/20/2018","12/30/2099","0","0","0","0","Drug","RxNorm Extension",""
"","36221131","1164699","lithium carbonate Pill","Clinical Dose Group","Classification","07/31/2016","12/30/2099","0","314,949","0","30,881","Drug","RxNorm",""
"","40000524","484982","lithium carbonate / sodium chloride Extended Release Oral Tablet","Clinical Drug Form","Standard","12/31/1969","12/30/2099","0","0","0","0","Drug","RxNorm",""
"","36221127","1164695","lithium carbonate / sodium chloride Oral Product","Clinical Dose Group","Classification","07/31/2016","12/30/2099","0","0","0","0","Drug","RxNorm",""
"","36221128","1164696","lithium carbonate / sodium chloride Pill","Clinical Dose Group","Classification","07/31/2016","12/30/2099","0","0","0","0","Drug","RxNorm",""
"","36227909","1178578","Lithobid Oral Product","Branded Dose Group","Classification","07/31/2016","12/30/2099","0","2,112","0","409","Drug","RxNorm",""
"","36227910","1178579","Lithobid Pill","Branded Dose Group","Classification","07/31/2016","12/30/2099","0","2,112","0","409","Drug","RxNorm",""
"","36227911","1178580","Lithonate Oral Product","Branded Dose Group","Classification","07/31/2016","12/30/2099","0","0","0","0","Drug","RxNorm",""
"","36229276","1179115","Lithonate Pill","Branded Dose Group","Classification","07/31/2016","12/30/2099","0","0","0","0","Drug","RxNorm",""
"","36229279","1179118","Lithotabs Oral Product","Branded Dose Group","Classification","07/31/2016","12/30/2099","0","0","0","0","Drug","RxNorm",""
"","36229280","1179119","Lithotabs Pill","Branded Dose Group","Classification","07/31/2016","12/30/2099","0","0","0","0","Drug","RxNorm",""
